INSERT INTO county (id, name, created_at, updated_at)
VALUES (1, 'Harju maakond', now(), now()),
       (2, 'Hiiu maakond', now(), now()),
       (3, 'Ida-Viru maakond', now(), now()),
       (4, 'Jõgeva maakond', now(), now()),
       (5, 'Järva maakond', now(), now()),
       (6, 'Lääne maakond', now(), now()),
       (7, 'Lääne-Viru maakond', now(), now()),
       (8, 'Põlva maakond', now(), now()),
       (9, 'Pärnu maakond', now(), now()),
       (10, 'Rapla maakond', now(), now()),
       (11, 'Saare maakond', now(), now()),
       (12, 'Tartu maakond', now(), now()),
       (13, 'Valga maakond', now(), now()),
       (14, 'Viljandi maakond', now(), now()),
       (15, 'Võru maakond', now(), now());

INSERT INTO municipality (id, name, created_at, updated_at)
VALUES (1, 'Anija vald', now(), now()),
       (2, 'Harku vald', now(), now()),
       (3, 'Jõelähtme vald', now(), now()),
       (4, 'Keila linn', now(), now()),
       (5, 'Kiili vald', now(), now()),
       (6, 'Kose vald', now(), now()),
       (7, 'Kuusalu vald', now(), now()),
       (8, 'Loksa linn', now(), now()),
       (9, 'Lääne-Harju vald', now(), now()),
       (10, 'Maardu linn', now(), now()),
       (11, 'Raasiku vald', now(), now()),
       (12, 'Rae vald', now(), now()),
       (13, 'Saku vald', now(), now()),
       (14, 'Saue vald', now(), now()),
       (15, 'Tallinna linn', now(), now()),
       (16, 'Viimsi vald', now(), now()),
       (17, 'Hiiumaa vald', now(), now()),
       (18, 'Alutaguse vald', now(), now()),
       (19, 'Jõhvi vald', now(), now()),
       (20, 'Kohtla-Järve linn', now(), now()),
       (21, 'Lüganuse vald', now(), now()),
       (22, 'Narva linn', now(), now()),
       (23, 'Narva-Jõesuu linn', now(), now()),
       (24, 'Sillamäe linn', now(), now()),
       (25, 'Toila vald', now(), now()),
       (26, 'Jõgeva vald', now(), now()),
       (27, 'Mustvee vald', now(), now()),
       (28, 'Põltsamaa vald', now(), now()),
       (29, 'Järva vald', now(), now()),
       (30, 'Paide linn', now(), now()),
       (31, 'Türi vald', now(), now()),
       (32, 'Haapsalu linn', now(), now()),
       (33, 'Lääne-Nigula vald', now(), now()),
       (34, 'Vormsi vald', now(), now()),
       (35, 'Haljala vald', now(), now()),
       (36, 'Kadrina vald', now(), now()),
       (37, 'Rakvere linn', now(), now()),
       (38, 'Rakvere vald', now(), now()),
       (39, 'Tapa vald', now(), now()),
       (40, 'Vinni vald', now(), now()),
       (41, 'Viru-Nigula vald', now(), now()),
       (42, 'Väike-Maarja vald', now(), now()),
       (43, 'Kanepi vald', now(), now()),
       (44, 'Põlva vald', now(), now()),
       (45, 'Räpina vald', now(), now()),
       (46, 'Häädemeeste vald', now(), now()),
       (47, 'Kihnu vald', now(), now()),
       (48, 'Lääneranna vald', now(), now()),
       (49, 'Põhja-Pärnumaa vald', now(), now()),
       (50, 'Pärnu linn', now(), now()),
       (51, 'Saarde vald', now(), now()),
       (52, 'Tori vald', now(), now()),
       (53, 'Kehtna vald', now(), now()),
       (54, 'Kohila vald', now(), now()),
       (55, 'Märjamaa vald', now(), now()),
       (56, 'Rapla vald', now(), now()),
       (57, 'Saaremaa vald', now(), now()),
       (58, 'Muhu vald', now(), now()),
       (59, 'Ruhnu vald', now(), now()),
       (60, 'Elva vald', now(), now()),
       (61, 'Kambja vald', now(), now()),
       (62, 'Kastre vald', now(), now()),
       (63, 'Luunja vald', now(), now()),
       (64, 'Nõo vald', now(), now()),
       (65, 'Peipsiääre vald', now(), now()),
       (66, 'Tartu linn', now(), now()),
       (67, 'Tartu vald', now(), now()),
       (68, 'Otepää vald', now(), now()),
       (69, 'Tõrva vald', now(), now()),
       (70, 'Valga vald', now(), now()),
       (71, 'Mulgi vald', now(), now()),
       (72, 'Põhja-Sakala vald', now(), now()),
       (73, 'Viljandi linn', now(), now()),
       (74, 'Viljandi vald', now(), now()),
       (75, 'Antsla vald', now(), now()),
       (76, 'Rõuge vald', now(), now()),
       (77, 'Setomaa vald', now(), now()),
       (78, 'Võru linn', now(), now()),
       (79, 'Võru vald', now(), now());

INSERT INTO accommodation (id, name, created_at, updated_at)
VALUES (1, 'Hotell Vanalinna', now(), now()),
       (2, 'Hestia Hotel Europa', now(), now()),
       (3, 'Viiking Spaa Hotell', now(), now()),
       (4, 'Taastusravi ja hotell Wasa', now(), now()),
       (5, 'Hotell Arabella', now(), now()),
       (6, 'Hotell Central', now(), now()),
       (7, 'Von Stackelberg Hotel Tallinn', now(), now()),
       (8, 'Saka Mõisa hotell', now(), now()),
       (9, 'Hotell Getliin', now(), now()),
       (10, 'Pühajärve Spa & Puhkekeskuse hotell', now(), now()),
       (11, 'Villa Müllerbeck', now(), now()),
       (12, 'Meriton Old Town Garden Hotell', now(), now()),
       (13, 'Hestia Hotel Seaport', now(), now()),
       (14, 'Toila Spa Hotell', now(), now()),
       (15, 'Kaali Külastuskeskuse hotell', now(), now()),
       (16, 'Narva-Jõesuu SPA & Sanatoorium', now(), now()),
       (17, 'Aleksandri Hotell', now(), now()),
       (18, 'Sangaste lossi hotell', now(), now()),
       (19, 'Grand Rose SPA Hotel', now(), now()),
       (20, 'Hotell Saaremaa', now(), now()),
       (21, 'Georg Ots Spa Hotell', now(), now()),
       (22, 'City Hotel Tallinn by Unique Hotels', now(), now()),
       (23, 'Sagadi mõisa hotell', now(), now()),
       (24, 'Hotell Villa Theresa', now(), now()),
       (25, 'Tervise Paradiis spaa-hotell & veekeskus', now(), now()),
       (26, 'Kernu mõisa hotell', now(), now()),
       (27, 'Alatskivi lossi sviidid', now(), now()),
       (28, 'Villa Wesset', now(), now()),
       (29, 'Go Hotel Shnelli', now(), now()),
       (30, 'Georgi hotell', now(), now());


INSERT INTO address(id, centroid_x, centroid_y, ads_oid, accommodation_id, address, municipality_id, county_id, created_at, updated_at)
VALUES (1, '410981.87', '6457974.68', 'CU00184052', 1, 'Saare maakond, Saaremaa vald, Kuressaare linn, Kauba tn 8', 57, 11, now(), now()),
       (2, '543146.08', '6589527.12', 'CU00446922', 2, 'Harju maakond, Tallinn, Kesklinna linnaosa, Paadi tn 5', 15, 1, now(), now()),
       (3, '528628.15', '6471646.56', 'CU00340542', 3, 'Pärnu maakond, Pärnu linn, Pärnu linn, Sadama tn 15', 50, 9, now(), now()),
       (4, '528958.04', '6470876.95', 'CU01747955', 4, 'Pärnu maakond, Pärnu linn, Pärnu linn, Eha tn 2', 50, 9, now(), now()),
       (5, '411101.24', '6458345.73', 'CU00184094', 5, 'Saare maakond, Saaremaa vald, Kuressaare linn, Torni tn 12', 57, 11, now(), now()),
       (6, '738146.17', '6589862.64', 'CU00268465', 6, 'Ida-Viru maakond, Narva linn, Lavretsovi tn 5', 22, 3, now(), now()),
       (7, '541574.93', '6588760.39', 'CU00445259', 7, 'Harju maakond, Tallinn, Kesklinna linnaosa, Toompuiestee 23', 15, 1, now(), now()),
       (8, '680455.24', '6593250.00', 'CU00618188', 8, 'Ida-Viru maakond, Toila vald, Saka küla, Sakaoja', 25, 3, now(), now()),
       (9, '536978.24', '6573994.16', 'CU00407389', 9, 'Harju maakond, Saku vald, Saku alevik, Heina tn 7', 13, 1, now(), now()),
       (10, '645270.61', '6436514.19', 'CU00349056', 10, 'Valga maakond, Otepää vald, Pühajärve küla, Sõjatamme/1', 68, 13, now(), now()),
       (11, '648777.69', '6438365.12', 'CU00350052', 11, 'Valga maakond, Otepää vald, Otepää küla, Rukkimäe', 68, 13, now(), now()),
       (12, '542311.00', '6589257.00', 'CU00444132', 12, 'Harju maakond, Tallinn, Kesklinna linnaosa, Lai tn 24', 15, 1, now(), now()),
       (13, '543547.93', '6589671.19', 'CU00446867', 13, 'Harju maakond, Tallinn, Kesklinna linnaosa, Uus-Sadama tn 23', 15, 1, now(), now()),
       (14, '699425.31', '6592672.50', 'CU00504547', 14, 'Ida-Viru maakond, Toila vald, Toila alevik, Ranna tn 12', 25, 3, now(), now()),
       (15, '422283.02', '6470925.43', 'CU00315202', 15, 'Saare maakond, Saaremaa vald, Kaali küla, Muuseumi', 57, 11, now(), now()),
       (16, '728766.00', '6598586.27', 'CU00276529', 16, 'Ida-Viru maakond, Narva-Jõesuu linn, Narva-Jõesuu linn, Aia tn 3', 23, 3, now(), now()),
       (17, '660188.25', '6473330.48', 'CU00492655', 17, 'Tartu maakond, Tartu linn, Tartu linn, Aleksandri tn 42', 66, 12, now(), now()),
       (18, '635215.11', '6420124.62', 'CU03633785', 18, 'Valga maakond, Otepää vald, Lossiküla, Sangaste loss', 68, 13, now(), now()),
       (19, '411209.27', '6458044.22', 'CU00184038', 19, 'Saare maakond, Saaremaa vald, Kuressaare linn, Tallinna tn 15', 57, 11, now(), now()),
       (20, '401162.06', '6453594.09', 'CU00182127', 20, 'Saare maakond, Saaremaa vald, Mändjala küla, Männikäbi', 57, 11, now(), now()),
       (21, '410178.12', '6457220.25', 'CU00186154', 21, 'Saare maakond, Saaremaa vald, Kuressaare linn, Tori tn 2', 57, 11, now(), now()),
       (22, '541489.16', '6588773.77', 'CU03463336', 22, 'Harju maakond, Tallinn, Kesklinna linnaosa, Paldiski mnt 3', 15, 1, now(), now()),
       (23, '617978.41', '6601631.86', 'CU03198947', 23, 'Lääne-Viru maakond, Haljala vald, Sagadi küla, Mõisa/3', 35, 7, now(), now()),
       (24, '633898.33', '6580035.09', 'CU00611739', 24, 'Lääne-Viru maakond, Rakvere linn, Tammiku tn 13', 37, 7, now(), now()),
       (25, '529921.41', '6470390.38', 'CU00342717', 25, 'Pärnu maakond, Pärnu linn, Pärnu linn, Side tn 14', 50, 9, now(), now()),
       (26, '528026.58', '6557829.33', 'CU00141504', 26, 'Harju maakond, Saue vald, Kohatu küla, Kernu mõis/1', 14, 1, now(), now()),
       (27, '681836.74', '6500179.63', 'CU03741859', 27, 'Tartu maakond, Peipsiääre vald, Alatskivi alevik, Lossi tn 6', 65, 12, now(), now()),
       (28, '529223.70', '6470959.97', 'CU00340803', 28, 'Pärnu maakond, Pärnu linn, Pärnu linn, Supeluse tn 26', 50, 9, now(), now()),
       (29, '541830.87', '6589348.56', 'CU00475373', 29, 'Harju maakond, Tallinn, Põhja-Tallinna linnaosa, Toompuiestee 37/1', 15, 1, now(),
        now()),
       (30, '678224.08', '6415334.12', 'CU00585782', 30, 'Võru maakond, Võru linn, Jüri tn 38a', 78, 15, now(), now());

-- Update sequence values
SELECT setval('county_id_seq', (select max(id) from county), true);
SELECT setval('address_id_seq', (select max(id) from address), true);
SELECT setval('municipality_id_seq', (select max(id) from municipality), true);
SELECT setval('accommodation_id_seq', (select max(id) from accommodation), true);